offset(byte),latency(cycle)
0,390
4,398
8,399
12,399
16,391
20,399
24,400
28,399
32,390
36,397
40,397
44,397
48,389
52,397
56,399
60,398
64,391
68,399
72,399
76,400
80,389
84,399
88,400
92,399
96,390
100,397
104,397
108,399
112,391
116,400
120,400
124,400
128,390
132,397
136,396
140,397
144,388
148,397
152,398
156,399
160,391
164,397
168,397
172,396
176,389
180,399
184,398
188,399
192,391
196,401
200,400
204,400
208,391
212,400
216,398
220,397
224,387
228,398
232,401
236,399
240,391
244,397
248,397
252,397
256,387
260,396
264,398
268,399
272,390
276,396
280,397
284,398
288,388
292,397
296,397
300,397
304,388
308,396
312,395
316,397
320,389
324,397
328,397
332,397
336,389
340,395
344,397
348,397
352,390
356,396
360,396
364,395
368,387
372,395
376,396
380,399
384,390
388,397
392,395
396,397
400,388
404,395
408,395
412,395
416,388
420,397
424,396
428,396
432,388
436,396
440,398
444,397
448,388
452,395
456,397
460,398
464,390
468,397
472,396
476,396
480,388
484,396
488,396
492,395
496,388
500,395
504,397
508,396
512,391
516,397
520,398
524,398
528,390
532,397
536,399
540,399
544,390
548,397
552,398
556,399
560,391
564,399
568,400
572,399
576,391
580,399
584,399
588,398
592,390
596,399
600,398
604,399
608,393
612,400
616,400
620,400
624,390
628,397
632,397
636,398
640,391
644,399
648,399
652,399
656,391
660,398
664,398
668,398
672,389
676,399
680,400
684,398
688,389
692,396
696,395
700,397
704,391
708,399
712,400
716,399
720,391
724,398
728,397
732,397
736,388
740,397
744,397
748,399
752,391
756,398
760,397
764,397
768,386
772,394
776,397
780,398
784,389
788,397
792,397
796,397
800,388
804,394
808,397
812,397
816,401
820,261
824,256
828,260
832,399
836,258
840,257
844,259
848,249
852,259
856,257
860,259
864,249
868,259
872,256
876,259
880,249
884,259
888,258
892,259
896,398
900,259
904,257
908,260
912,249
916,259
920,257
924,259
928,250
932,259
936,258
940,261
944,248
948,260
952,257
956,258
960,399
964,260
968,256
972,259
976,250
980,258
984,257
988,259
992,249
996,259
1000,258
1004,260
1008,249
1012,260
1016,256
1020,259
1024,388
1028,257
1032,255
1036,257
1040,245
1044,257
1048,254
1052,257
1056,246
1060,255
1064,254
1068,255
1072,247
1076,256
1080,254
1084,257
1088,387
1092,256
1096,254
1100,256
1104,247
1108,255
1112,256
1116,256
1120,247
1124,257
1128,254
1132,256
1136,246
1140,256
1144,254
1148,255
1152,389
1156,255
1160,254
1164,256
1168,245
1172,258
1176,254
1180,256
1184,247
1188,256
1192,254
1196,258
1200,247
1204,255
1208,255
1212,256
1216,388
1220,257
1224,253
1228,258
1232,246
1236,256
1240,254
1244,256
1248,246
1252,256
1256,255
1260,256
1264,246
1268,257
1272,253
1276,257
1280,387
1284,257
1288,258
1292,383
1296,376
1300,383
1304,384
1308,382
1312,375
1316,384
1320,383
1324,380
1328,373
1332,383
1336,384
1340,384
1344,376
1348,382
1352,382
1356,381
1360,372
1364,381
1368,381
1372,383
1376,375
1380,380
1384,381
1388,383
1392,375
1396,383
1400,382
1404,380
1408,374
1412,383
1416,382
1420,383
1424,375
1428,383
1432,382
1436,381
1440,373
1444,381
1448,381
1452,383
1456,376
1460,385
1464,383
1468,383
1472,376
1476,382
1480,380
1484,382
1488,375
1492,384
1496,381
1500,382
1504,374
1508,381
1512,382
1516,382
1520,375
1524,383
1528,383
1532,382
1536,376
1540,383
1544,383
1548,385
1552,378
1556,385
1560,383
1564,383
1568,376
1572,383
1576,384
1580,384
1584,375
1588,383
1592,384
1596,383
1600,375
1604,383
1608,385
1612,384
1616,375
1620,385
1624,385
1628,386
1632,377
1636,384
1640,383
1644,383
1648,377
1652,385
1656,384
1660,384
1664,375
1668,385
1672,386
1676,385
1680,377
1684,383
1688,384
1692,385
1696,378
1700,385
1704,384
1708,383
1712,377
1716,386
1720,385
1724,385
1728,377
1732,385
1736,382
1740,383
1744,375
1748,385
1752,385
1756,384
1760,377
1764,386
1768,385
1772,383
1776,377
1780,385
1784,384
1788,385
1792,376
1796,383
1800,383
1804,381
1808,375
1812,383
1816,381
1820,383
1824,374
1828,383
1832,381
1836,381
1840,374
1844,381
1848,382
1852,382
1856,374
1860,382
1864,381
1868,382
1872,374
1876,381
1880,381
1884,382
1888,374
1892,383
1896,383
1900,382
1904,374
1908,380
1912,380
1916,383
1920,374
1924,383
1928,384
1932,383
1936,374
1940,380
1944,381
1948,381
1952,373
1956,385
1960,384
1964,383
1968,373
1972,380
1976,381
1980,382
1984,374
1988,381
1992,382
1996,383
2000,375
2004,384
2008,384
2012,383
2016,372
2020,382
2024,381
2028,381
2032,375
2036,383
2040,385
2044,381
2048,395
2052,402
2056,403
2060,404
2064,397
2068,406
2072,404
2076,403
2080,395
2084,403
2088,401
2092,403
2096,396
2100,405
2104,405
2108,405
2112,397
2116,406
2120,405
2124,405
2128,398
2132,403
2136,403
2140,403
2144,395
2148,404
2152,405
2156,403
2160,395
2164,403
2168,404
2172,404
2176,395
2180,404
2184,405
2188,405
2192,398
2196,405
2200,404
2204,404
2208,395
2212,403
2216,404
2220,403
2224,397
2228,405
2232,405
2236,405
2240,395
2244,401
2248,403
2252,405
2256,396
2260,403
2264,404
2268,405
2272,397
2276,403
2280,405
2284,405
2288,396
2292,403
2296,404
2300,404
2304,393
2308,401
2312,400
2316,402
2320,395
2324,403
2328,403
2332,402
2336,394
2340,403
2344,402
2348,401
2352,394
2356,403
2360,403
2364,402
2368,395
2372,401
2376,400
2380,401
2384,394
2388,403
2392,403
2396,402
2400,395
2404,403
2408,403
2412,404
2416,394
2420,400
2424,401
2428,401
2432,395
2436,404
2440,403
2444,404
2448,395
2452,403
2456,403
2460,400
2464,393
2468,401
2472,402
2476,404
2480,397
2484,403
2488,403
2492,401
2496,392
2500,401
2504,403
2508,402
2512,394
2516,403
2520,403
2524,403
2528,395
2532,403
2536,401
2540,403
2544,394
2548,402
2552,401
2556,402
2560,395
2564,402
2568,403
2572,404
2576,397
2580,405
2584,405
2588,404
2592,395
2596,403
2600,401
2604,402
2608,396
2612,405
2616,405
2620,405
2624,398
2628,406
2632,405
2636,404
2640,395
2644,402
2648,404
2652,405
2656,396
2660,405
2664,405
2668,405
2672,396
2676,403
2680,402
2684,403
2688,397
2692,405
2696,406
2700,404
2704,397
2708,405
2712,405
2716,404
2720,395
2724,403
2728,402
2732,403
2736,397
2740,405
2744,406
2748,405
2752,397
2756,403
2760,403
2764,405
2768,397
2772,405
2776,406
2780,404
2784,396
2788,403
2792,403
2796,403
2800,396
2804,404
2808,403
2812,403
2816,393
2820,402
2824,401
2828,403
2832,395
2836,404
2840,404
2844,402
2848,395
2852,402
2856,410
2860,268
2864,256
2868,266
2872,265
2876,264
2880,404
2884,266
2888,263
2892,264
2896,256
2900,266
2904,263
2908,267
2912,255
2916,266
2920,263
2924,267
2928,255
2932,266
2936,263
2940,266
2944,405
2948,266
2952,263
2956,266
2960,254
2964,267
2968,262
2972,266
2976,255
2980,267
2984,263
2988,266
2992,255
2996,266
3000,263
3004,265
3008,404
3012,266
3016,263
3020,265
3024,256
3028,266
3032,263
3036,267
3040,255
3044,265
3048,264
3052,266
3056,255
3060,266
3064,264
3068,266
3072,396
3076,254
3080,250
3084,253
3088,243
3092,252
3096,250
3100,252
3104,242
3108,254
3112,249
3116,254
3120,242
3124,255
3128,250
3132,254
3136,398
3140,252
3144,251
3148,253
3152,242
3156,254
3160,249
3164,254
3168,242
3172,254
3176,250
3180,252
3184,243
3188,253
3192,250
3196,253
3200,398
3204,254
3208,250
3212,254
3216,242
3220,253
3224,250
3228,253
3232,243
3236,253
3240,250
3244,253
3248,243
3252,252
3256,251
3260,252
3264,396
3268,253
3272,249
3276,254
3280,242
3284,253
3288,251
3292,253
3296,243
3300,252
3304,250
3308,253
3312,242
3316,253
3320,249
3324,254
3328,385
3332,393
3336,393
3340,394
3344,387
3348,392
3352,393
3356,393
3360,386
3364,395
3368,396
3372,394
3376,385
3380,393
3384,393
3388,395
3392,385
3396,395
3400,397
3404,395
3408,387
3412,396
3416,394
3420,392
3424,384
3428,394
3432,395
3436,396
3440,387
3444,394
3448,393
3452,393
3456,387
3460,394
3464,393
3468,393
3472,386
3476,394
3480,393
3484,393
3488,387
3492,395
3496,395
3500,394
3504,385
3508,393
3512,393
3516,393
3520,385
3524,394
3528,393
3532,395
3536,387
3540,395
3544,395
3548,394
3552,385
3556,392
3560,395
3564,394
3568,387
3572,395
3576,395
3580,395
3584,386
3588,394
3592,393
3596,396
3600,387
3604,393
3608,394
3612,395
3616,386
3620,394
3624,394
3628,392
3632,385
3636,393
3640,393
3644,394
3648,386
3652,395
3656,393
3660,395
3664,385
3668,393
3672,394
3676,397
3680,389
3684,395
3688,395
3692,394
3696,386
3700,393
3704,393
3708,394
3712,387
3716,397
3720,396
3724,393
3728,385
3732,393
3736,395
3740,395
3744,387
3748,396
3752,395
3756,395
3760,387
3764,395
3768,395
3772,394
3776,386
3780,393
3784,393
3788,393
3792,385
3796,396
3800,395
3804,395
3808,387
3812,393
3816,392
3820,394
3824,387
3828,395
3832,393
3836,391
3840,385
3844,395
3848,394
3852,391
3856,383
3860,393
3864,395
3868,396
3872,388
3876,395
3880,395
3884,394
3888,385
3892,393
3896,393
3900,393
3904,387
3908,397
3912,396
3916,395
3920,387
3924,392
3928,393
3932,395
3936,385
3940,395
3944,397
3948,395
3952,387
3956,393
3960,392
3964,393
3968,387
3972,396
3976,395
3980,395
3984,385
3988,395
3992,394
3996,395
4000,387
4004,393
4008,395
4012,393
4016,387
4020,394
4024,395
4028,395
4032,387
4036,395
4040,395
4044,394
4048,385
4052,395
4056,395
4060,395
4064,387
4068,393
4072,392
4076,397
4080,388
4084,396
4088,395
4092,395
4096,373
4100,382
4104,383
4108,383
4112,375
4116,381
4120,381
4124,382
4128,375
4132,383
4136,384
4140,383
4144,375
4148,382
4152,383
4156,383
4160,374
4164,383
4168,384
4172,384
4176,375
4180,381
4184,382
4188,384
4192,376
4196,384
4200,381
4204,383
4208,375
4212,383
4216,381
4220,383
4224,375
4228,382
4232,381
4236,381
4240,375
4244,384
4248,383
4252,382
4256,374
4260,383
4264,382
4268,383
4272,375
4276,383
4280,381
4284,379
4288,373
4292,381
4296,382
4300,383
4304,375
4308,384
4312,384
4316,383
4320,373
4324,381
4328,383
4332,382
4336,374
4340,380
4344,383
4348,383
4352,377
4356,383
4360,384
4364,383
4368,375
4372,384
4376,385
4380,386
4384,377
4388,383
4392,383
4396,381
4400,375
4404,384
4408,385
4412,384
4416,377
4420,384
4424,383
4428,383
4432,376
4436,385
4440,385
4444,385
4448,377
4452,383
4456,383
4460,385
4464,376
4468,385
4472,385
4476,385
4480,377
4484,383
4488,385
4492,385
4496,376
4500,385
4504,385
4508,383
4512,377
4516,384
4520,384
4524,384
4528,375
4532,383
4536,384
4540,385
4544,378
4548,384
4552,383
4556,383
4560,375
4564,385
4568,385
4572,386
4576,377
4580,383
4584,384
4588,383
4592,375
4596,385
4600,385
4604,385
4608,376
4612,381
4616,381
4620,383
4624,375
4628,381
4632,383
4636,383
4640,373
4644,380
4648,383
4652,384
4656,375
4660,383
4664,382
4668,381
4672,375
4676,382
4680,380
4684,381
4688,373
4692,383
4696,384
4700,382
4704,375
4708,385
4712,383
4716,381
4720,373
4724,383
4728,384
4732,383
4736,375
4740,381
4744,380
4748,382
4752,375
4756,384
4760,384
4764,384
4768,374
4772,381
4776,381
4780,381
4784,374
4788,382
4792,382
4796,384
4800,374
4804,382
4808,383
4812,383
4816,375
4820,381
4824,381
4828,383
4832,374
4836,383
4840,383
4844,382
4848,374
4852,382
4856,381
4860,383
4864,377
4868,386
4872,383
4876,383
4880,375
4884,385
4888,386
4892,385
4896,375
4900,382
4904,384
4908,397
4912,248
4916,254
4920,256
4924,253
4928,390
4932,255
4936,256
4940,254
4944,249
4948,255
4952,255
4956,254
4960,248
4964,254
4968,256
4972,254
4976,248
4980,255
4984,256
4988,255
4992,388
4996,254
5000,257
5004,254
5008,248
5012,254
5016,255
5020,253
5024,248
5028,256
5032,255
5036,254
5040,249
5044,253
5048,256
5052,255
5056,390
5060,254
5064,255
5068,254
5072,249
5076,254
5080,256
5084,254
5088,249
5092,254
5096,256
5100,253
5104,248
5108,254
5112,257
5116,255
5120,406
5124,266
5128,263
5132,267
5136,255
5140,266
5144,263
5148,266
5152,255
5156,265
5160,264
5164,266
5168,255
5172,267
5176,262
5180,266
5184,405
5188,267
5192,262
5196,266
5200,255
5204,266
5208,263
5212,265
5216,255
5220,265
5224,263
5228,266
5232,257
5236,266
5240,264
5244,266
5248,404
5252,267
5256,264
5260,266
5264,254
5268,266
5272,262
5276,266
5280,256
5284,265
5288,264
5292,266
5296,255
5300,266
5304,264
5308,267
5312,404
5316,266
5320,264
5324,265
5328,255
5332,266
5336,262
5340,267
5344,255
5348,265
5352,264
5356,266
5360,256
5364,266
5368,263
5372,267
5376,411
5380,405
5384,404
5388,404
5392,394
5396,403
5400,403
5404,402
5408,395
5412,403
5416,403
5420,405
5424,397
5428,405
5432,405
5436,404
5440,393
5444,405
5448,405
5452,404
5456,397
5460,404
5464,405
5468,405
5472,397
5476,406
5480,405
5484,403
5488,397
5492,404
5496,403
5500,404
5504,396
5508,404
5512,403
5516,403
5520,396
5524,403
5528,403
5532,404
5536,397
5540,405
5544,407
5548,404
5552,397
5556,405
5560,403
5564,405
5568,396
5572,402
5576,402
5580,404
5584,396
5588,404
5592,403
5596,401
5600,395
5604,404
5608,405
5612,405
5616,397
5620,404
5624,405
5628,403
5632,394
5636,403
5640,403
5644,403
5648,395
5652,401
5656,400
5660,401
5664,394
5668,403
5672,402
5676,402
5680,394
5684,403
5688,403
5692,401
5696,395
5700,403
5704,403
5708,402
5712,395
5716,402
5720,402
5724,401
5728,392
5732,402
5736,403
5740,403
5744,393
5748,401
5752,401
5756,403
5760,394
5764,401
5768,403
5772,405
5776,396
5780,405
5784,403
5788,403
5792,394
5796,402
5800,402
5804,401
5808,394
5812,401
5816,401
5820,402
5824,394
5828,402
5832,405
5836,405
5840,396
5844,404
5848,403
5852,401
5856,392
5860,402
5864,401
5868,403
5872,394
5876,403
5880,405
5884,402
5888,395
5892,404
5896,405
5900,403
5904,396
5908,403
5912,403
5916,403
5920,395
5924,404
5928,405
5932,405
5936,397
5940,404
5944,403
5948,404
5952,396
5956,405
5960,404
5964,403
5968,395
5972,403
5976,403
5980,403
5984,395
5988,405
5992,405
5996,406
6000,398
6004,403
6008,403
6012,403
6016,394
6020,402
6024,404
6028,405
6032,397
6036,406
6040,405
6044,406
6048,396
6052,404
6056,405
6060,406
6064,397
6068,405
6072,406
6076,403
6080,397
6084,404
6088,401
6092,403
6096,394
6100,403
6104,405
6108,405
6112,397
6116,405
6120,403
6124,403
6128,395
6132,403
6136,403
6140,403
6144,385
6148,395
6152,394
6156,394
6160,386
6164,394
6168,395
6172,394
6176,386
6180,392
6184,393
6188,392
6192,385
6196,394
6200,396
6204,397
6208,388
6212,395
6216,395
6220,395
6224,386
6228,394
6232,392
6236,393
6240,384
6244,393
6248,394
6252,395
6256,387
6260,394
6264,393
6268,394
6272,387
6276,394
6280,393
6284,393
6288,384
6292,393
6296,395
6300,395
6304,388
6308,395
6312,394
6316,394
6320,386
6324,394
6328,393
6332,393
6336,385
6340,393
6344,394
6348,393
6352,385
6356,393
6360,394
6364,394
6368,386
6372,394
6376,393
6380,393
6384,384
6388,393
6392,393
6396,394
6400,387
6404,396
6408,395
6412,395
6416,388
6420,395
6424,393
6428,394
6432,385
6436,394
6440,396
6444,395
6448,388
6452,394
6456,393
6460,393
6464,384
6468,392
6472,395
6476,397
6480,388
6484,396
6488,397
6492,396
6496,385
6500,395
6504,394
6508,393
6512,386
6516,394
6520,394
6524,395
6528,388
6532,395
6536,395
6540,395
6544,387
6548,393
6552,393
6556,393
6560,385
6564,393
6568,393
6572,395
6576,386
6580,395
6584,395
6588,395
6592,387
6596,394
6600,394
6604,395
6608,388
6612,395
6616,395
6620,394
6624,387
6628,393
6632,393
6636,394
6640,387
6644,394
6648,393
6652,393
6656,385
6660,395
6664,394
6668,394
6672,385
6676,392
6680,395
6684,393
6688,386
6692,394
6696,395
6700,396
6704,385
6708,392
6712,393
6716,393
6720,385
6724,395
6728,395
6732,395
6736,387
6740,395
6744,393
6748,393
6752,386
6756,395
6760,395
6764,395
6768,387
6772,394
6776,394
6780,396
6784,386
6788,393
6792,392
6796,393
6800,387
6804,393
6808,393
6812,395
6816,385
6820,395
6824,396
6828,395
6832,385
6836,393
6840,393
6844,393
6848,384
6852,392
6856,394
6860,396
6864,389
6868,395
6872,396
6876,395
6880,388
6884,395
6888,393
6892,393
6896,387
6900,397
6904,397
6908,395
6912,386
6916,393
6920,404
6924,254
6928,243
6932,252
6936,251
6940,253
6944,242
6948,253
6952,249
6956,254
6960,242
6964,253
6968,250
6972,254
6976,398
6980,253
6984,251
6988,254
6992,241
6996,254
7000,250
7004,254
7008,243
7012,252
7016,251
7020,252
7024,243
7028,252
7032,250
7036,253
7040,397
7044,254
7048,250
7052,252
7056,244
7060,253
7064,250
7068,253
7072,242
7076,252
7080,251
7084,252
7088,242
7092,253
7096,250
7100,253
7104,397
7108,253
7112,252
7116,253
7120,242
7124,253
7128,250
7132,253
7136,243
7140,252
7144,250
7148,254
7152,243
7156,253
7160,251
7164,254
7168,388
7172,243
7176,239
7180,242
7184,231
7188,242
7192,239
7196,243
7200,230
7204,242
7208,240
7212,242
7216,231
7220,242
7224,239
7228,242
7232,386
7236,243
7240,240
7244,242
7248,231
7252,243
7256,239
7260,242
7264,231
7268,242
7272,238
7276,243
7280,230
7284,244
7288,240
7292,241
7296,387
7300,243
7304,238
7308,243
7312,230
7316,242
7320,239
7324,241
7328,232
7332,242
7336,240
7340,241
7344,231
7348,242
7352,239
7356,243
7360,387
7364,242
7368,240
7372,242
7376,232
7380,241
7384,240
7388,242
7392,231
7396,243
7400,239
7404,243
7408,378
7412,384
7416,381
7420,382
7424,376
7428,385
7432,386
7436,385
7440,378
7444,386
7448,383
7452,385
7456,377
7460,383
7464,385
7468,386
7472,377
7476,384
7480,383
7484,383
7488,376
7492,384
7496,387
7500,385
7504,375
7508,385
7512,383
7516,383
7520,375
7524,384
7528,383
7532,383
7536,376
7540,384
7544,382
7548,382
7552,377
7556,385
7560,384
7564,384
7568,375
7572,383
7576,383
7580,382
7584,375
7588,381
7592,385
7596,384
7600,377
7604,385
7608,384
7612,385
7616,376
7620,383
7624,384
7628,382
7632,373
7636,383
7640,385
7644,386
7648,375
7652,381
7656,383
7660,384
7664,376
7668,385
7672,385
7676,385
7680,375
7684,383
7688,384
7692,383
7696,374
7700,384
7704,385
7708,382
7712,375
7716,383
7720,382
7724,383
7728,377
7732,385
7736,383
7740,382
7744,374
7748,383
7752,384
7756,384
7760,376
7764,384
7768,384
7772,381
7776,373
7780,383
7784,384
7788,384
7792,375
7796,384
7800,386
7804,386
7808,376
7812,383
7816,382
7820,382
7824,376
7828,383
7832,382
7836,382
7840,373
7844,382
7848,384
7852,385
7856,376
7860,382
7864,381
7868,381
7872,375
7876,386
7880,384
7884,382
7888,374
7892,382
7896,383
7900,382
7904,374
7908,384
7912,385
7916,386
7920,378
7924,383
7928,382
7932,382
7936,374
7940,383
7944,385
7948,387
7952,375
7956,382
7960,383
7964,385
7968,378
7972,386
7976,384
7980,383
7984,377
7988,387
7992,385
7996,385
8000,375
8004,383
8008,384
8012,385
8016,376
8020,384
8024,382
8028,384
8032,376
8036,385
8040,386
8044,387
8048,378
8052,385
8056,384
8060,384
8064,376
8068,382
8072,383
8076,385
8080,377
8084,384
8088,382
8092,381
8096,375
8100,385
8104,385
8108,386
8112,377
8116,383
8120,382
8124,382
8128,375
8132,386
8136,385
8140,384
8144,374
8148,383
8152,383
8156,384
8160,377
8164,385
8168,385
8172,387
8176,378
8180,385
8184,383
8188,384
